vendor_id,vendor_name,gl_account,gl_account_name,jan,feb,mar,apr,may,jun,jul,aug,sep,oct,nov,dec,annual
V1001,Northwind Consulting,60200,Consulting Fees,15000.00,15000.00,15000.00,15000.00,15000.00,15000.00,15000.00,15000.00,15000.00,15000.00,15000.00,15000.00,180000.00
V1015,Mossgate Software Licensing,61100,Software Subscriptions,5000.00,5000.00,5000.00,5000.00,5000.00,5000.00,5000.00,5000.00,5000.00,5000.00,5000.00,5000.00,60000.00
V1015,Mossgate Software Licensing,65300,Training,1000.00,1000.00,1000.00,1000.00,1000.00,1000.00,1000.00,1000.00,1000.00,1000.00,1000.00,1000.00,12000.00
V1002,Blue Harbor Insurance,63100,Insurance,3333.33,3333.33,3333.33,3333.33,3333.33,3333.33,3333.33,3333.33,3333.33,3333.33,3333.33,3333.37,40000.00
V1005,Tallreed Cloud Hosting,61200,Cloud Hosting,8000.00,8000.00,8000.00,8000.00,8000.00,8000.00,8000.00,8000.00,8000.00,8000.00,8000.00,8000.00,96000.00
V1005,Tallreed Cloud Hosting,61100,Software Subscriptions,500.00,500.00,500.00,500.00,500.00,500.00,500.00,500.00,500.00,500.00,500.00,500.00,6000.00
V1022,Starfinch Analytics,64100,Marketing Services,4000.00,4000.00,4000.00,4000.00,4000.00,4000.00,4000.00,4000.00,4000.00,4000.00,4000.00,4000.00,48000.00
V1037,Mistberry Survey Tools,64100,Marketing Services,1000.00,1000.00,1000.00,1000.00,1000.00,1000.00,1000.00,1000.00,1000.00,1000.00,1000.00,1000.00,12000.00
V1011,Junebrook Utilities,62200,Utilities,3000.00,3000.00,3000.00,3000.00,3000.00,3000.00,3000.00,3000.00,3000.00,3000.00,3000.00,3000.00,36000.00
V1007,Quillfeather Translation,60100,Professional Services,1500.00,1500.00,1500.00,1500.00,1500.00,1500.00,1500.00,1500.00,1500.00,1500.00,1500.00,1500.00,18000.00
V1027,Granite Hollow Property Mgmt,62300,Rent & Parking,10000.00,10000.00,10000.00,10000.00,10000.00,10000.00,10000.00,10000.00,10000.00,10000.00,10000.00,10000.00,120000.00
V1032,Oakmere Audit Advisory,60100,Professional Services,5000.00,5000.00,5000.00,5000.00,5000.00,5000.00,5000.00,5000.00,5000.00,5000.00,5000.00,5000.00,60000.00
V1029,Bellwort Wellness Programs,63300,Benefits Administration,2000.00,2000.00,2000.00,2000.00,2000.00,2000.00,2000.00,2000.00,2000.00,2000.00,2000.00,2000.00,24000.00
V1035,Willowmere Coffee Service,65200,Office Supplies,1200.00,1200.00,1200.00,1200.00,1200.00,1200.00,1200.00,1200.00,1200.00,1200.00,1200.00,1200.00,14400.00
V1019,Cobaltbay Printing,64300,Printing,2500.00,2500.00,2500.00,2500.00,2500.00,2500.00,2500.00,2500.00,2500.00,2500.00,2500.00,2500.00,30000.00
V1003,Copperwren Facilities,62100,Facilities Services,10000.00,10000.00,10000.00,10000.00,10000.00,10000.00,10000.00,10000.00,10000.00,10000.00,10000.00,10000.00,120000.00
V1023,Hollowpine Equipment Rental,62100,Facilities Services,2500.00,2500.00,2500.00,2500.00,2500.00,2500.00,2500.00,2500.00,2500.00,2500.00,2500.00,2500.00,30000.00
V1031,Marigold Lane Design,64100,Marketing Services,2000.00,2000.00,2000.00,2000.00,2000.00,2000.00,2000.00,2000.00,2000.00,2000.00,2000.00,2000.00,24000.00
V1014,Cinderwick Telecom,61300,Telecom,4000.00,4000.00,4000.00,4000.00,4000.00,4000.00,4000.00,4000.00,4000.00,4000.00,4000.00,4000.00,48000.00
V1016,Driftwood Travel Desk,65100,Travel,2000.00,2000.00,2000.00,2000.00,2000.00,2000.00,2000.00,2000.00,2000.00,2000.00,2000.00,2000.00,24000.00
V1030,Fernmoss Event Services,64200,Events,3000.00,3000.00,3000.00,3000.00,3000.00,3000.00,3000.00,3000.00,3000.00,3000.00,3000.00,3000.00,36000.00
V1036,Rivetstone HVAC,62100,Facilities Services,3000.00,3000.00,3000.00,3000.00,3000.00,3000.00,3000.00,3000.00,3000.00,3000.00,3000.00,3000.00,36000.00
V1013,Pebblecreek Janitorial,62100,Facilities Services,3800.00,3800.00,3800.00,3800.00,3800.00,3800.00,3800.00,3800.00,3800.00,3800.00,3800.00,3800.00,45600.00
V1033,Sunpeg Parking Services,62300,Rent & Parking,2000.00,2000.00,2000.00,2000.00,2000.00,2000.00,2000.00,2000.00,2000.00,2000.00,2000.00,2000.00,24000.00
V1038,Hearthvault Records Storage,62100,Facilities Services,750.00,750.00,750.00,750.00,750.00,750.00,750.00,750.00,750.00,750.00,750.00,750.00,9000.00
V1028,Ravenquill Courier,65200,Office Supplies,1000.00,1000.00,1000.00,1000.00,1000.00,1000.00,1000.00,1000.00,1000.00,1000.00,1000.00,1000.00,12000.00
V1021,Orchard Lane Catering,64200,Events,2500.00,2500.00,2500.00,2500.00,2500.00,2500.00,2500.00,2500.00,2500.00,2500.00,2500.00,2500.00,30000.00
V1018,Larkspur Recruiting,63200,Recruiting,6000.00,6000.00,6000.00,6000.00,6000.00,6000.00,6000.00,6000.00,6000.00,6000.00,6000.00,6000.00,72000.00
V1004,Meadowlark Staffing,60100,Professional Services,20000.00,20000.00,20000.00,20000.00,20000.00,20000.00,20000.00,20000.00,20000.00,20000.00,20000.00,20000.00,240000.00
V1012,Foxglove Marketing Studio,64100,Marketing Services,5000.00,5000.00,5000.00,5000.00,5000.00,5000.00,5000.00,5000.00,5000.00,5000.00,5000.00,5000.00,60000.00
V1010,Lanternfish Data Labs,61100,Software Subscriptions,25000.00,25000.00,25000.00,25000.00,25000.00,25000.00,25000.00,25000.00,25000.00,25000.00,25000.00,25000.00,300000.00
V1025,Silverfen Training Co,65300,Training,2000.00,2000.00,2000.00,2000.00,2000.00,2000.00,2000.00,2000.00,2000.00,2000.00,2000.00,2000.00,24000.00
V1026,Amberfield Research Panel,60100,Professional Services,2500.00,2500.00,2500.00,2500.00,2500.00,2500.00,2500.00,2500.00,2500.00,2500.00,2500.00,2500.00,30000.00
V1006,Ironfern Security Services,62100,Facilities Services,5516.67,5516.67,5516.67,5516.67,5516.67,5516.67,5516.67,5516.67,5516.67,5516.67,5516.67,5516.63,66200.00
V1008,Saltmarsh Logistics,60100,Professional Services,3466.67,3466.67,3466.67,3466.67,3466.67,3466.67,3466.67,3466.67,3466.67,3466.67,3466.67,3466.63,41600.00
V1009,Brambleway Office Supply,65200,Office Supplies,1008.33,1008.33,1008.33,1008.33,1008.33,1008.33,1008.33,1008.33,1008.33,1008.33,1008.33,1008.37,12100.00
V1017,Thistlewick Benefits Admin,63300,Benefits Administration,2758.33,2758.33,2758.33,2758.33,2758.33,2758.33,2758.33,2758.33,2758.33,2758.33,2758.33,2758.37,33100.00
V1020,Wrenfield Payroll Services,63300,Benefits Administration,4608.33,4608.33,4608.33,4608.33,4608.33,4608.33,4608.33,4608.33,4608.33,4608.33,4608.33,4608.37,55300.00
V1024,Kettlebrook Engineering,60100,Professional Services,8300.00,8300.00,8300.00,8300.00,8300.00,8300.00,8300.00,8300.00,8300.00,8300.00,8300.00,8300.00,99600.00
V1034,Tidepool Recycling,62100,Facilities Services,1308.33,1308.33,1308.33,1308.33,1308.33,1308.33,1308.33,1308.33,1308.33,1308.33,1308.33,1308.37,15700.00
V1042,Gildenrow Software,61100,Software Subscriptions,3775.00,3775.00,3775.00,3775.00,3775.00,3775.00,3775.00,3775.00,3775.00,3775.00,3775.00,3775.00,45300.00
V1043,Corvid Lane Data,61100,Software Subscriptions,2516.67,2516.67,2516.67,2516.67,2516.67,2516.67,2516.67,2516.67,2516.67,2516.67,2516.67,2516.63,30200.00
V1044,Sablewing Couriers,65200,Office Supplies,766.67,766.67,766.67,766.67,766.67,766.67,766.67,766.67,766.67,766.67,766.67,766.63,9200.00
V1045,Duskmeadow Print Lab,64300,Printing,1775.00,1775.00,1775.00,1775.00,1775.00,1775.00,1775.00,1775.00,1775.00,1775.00,1775.00,1775.00,21300.00
V1046,Hazelnook Staffing,60100,Professional Services,6666.67,6666.67,6666.67,6666.67,6666.67,6666.67,6666.67,6666.67,6666.67,6666.67,6666.67,6666.63,80000.00
V1047,Kestrelmoor Consulting,60200,Consulting Fees,9133.33,9133.33,9133.33,9133.33,9133.33,9133.33,9133.33,9133.33,9133.33,9133.33,9133.33,9133.37,109600.00
V1024,Kettlebrook Engineering,60200,Consulting Fees,2866.67,2866.67,2866.67,2866.67,2866.67,2866.67,2866.67,2866.67,2866.67,2866.67,2866.67,2866.63,34400.00
,,65100,Travel,3000.00,3000.00,3000.00,3000.00,3000.00,3000.00,3000.00,3000.00,3000.00,3000.00,3000.00,3000.00,36000.00
