vendor_id,gl_account,dept,location,item,source
V1001,60200,D100,L10,I-SVC,prior_je
V1015,61100,D200,L30,I-SW,prior_je
V1015,65300,D200,L30,I-SW,prior_je
V1002,63100,D100,L10,I-INS,prior_je
V1005,61200,D200,L30,I-SW,latest_bill
V1022,64100,D400,L30,I-MKT,prior_je
V1011,62200,D700,L10,I-FAC,prior_je
V1007,60100,D400,L30,I-SVC,prior_je
V1027,62300,D700,L20,I-FAC,prior_je
V1032,60100,D100,L10,I-SVC,prior_je
V1029,63300,D600,L10,I-SVC,prior_je
V1035,65200,D700,L10,I-SVC,prior_je
V1019,64300,D400,L10,I-MKT,prior_je
V1003,62100,D700,L10,I-FAC,prior_je
V1023,62100,D700,L20,I-FAC,prior_je
V1031,64100,D400,L10,I-MKT,prior_je
V1014,61300,D200,L10,I-SVC,prior_je
V1016,65100,D300,L10,I-TRV,prior_je
V1030,64200,D400,L10,I-MKT,prior_je
V1036,62100,D700,L20,I-FAC,prior_je
V1013,62100,D700,L10,I-FAC,prior_je
V1033,62300,D700,L10,I-FAC,prior_je
V1038,62100,D100,L20,I-FAC,prior_je
V1028,65200,D500,L10,I-SVC,prior_je
V1021,64200,D600,L10,I-SVC,prior_je
V1018,63200,D600,L10,I-SVC,prior_je
V1004,60100,D500,L10,I-SVC,prior_je
V1012,64100,D400,L10,I-MKT,prior_je
V1010,61100,D200,L30,I-SW,prior_je
V1025,65300,D600,L30,I-SVC,prior_je
V1006,62100,D700,L20,I-FAC,prior_je
V1008,60100,D500,L20,I-SVC,prior_je
V1009,65200,D500,L10,I-SVC,prior_je
V1017,63300,D600,L10,I-SVC,prior_je
V1020,63300,D600,L10,I-SVC,latest_bill
V1024,60100,D200,L20,I-SVC,prior_je
V1034,62100,D700,L20,I-FAC,latest_bill
V1042,61100,D200,L30,I-SW,prior_je
V1043,61100,D200,L30,I-SW,latest_bill
V1044,65200,D500,L20,I-SVC,latest_bill
V1045,64300,D400,L10,I-MKT,prior_je
V1046,60100,D500,L20,I-SVC,prior_je
V1047,60200,D100,L10,I-SVC,prior_je
V1024,60200,D200,L20,I-SVC,prior_je
