vendor_id,vendor,gl_account,prior_bills,prior_accrual,prior_reversal,current_bills,current_reversal,other
V1001,Northwind Consulting,60200,16000.00,0.00,0.00,16000.00,0.00,0.00
V1002,Blue Harbor Insurance,63100,1000.00,1266.67,0.00,1000.00,1266.67,0.00
V1003,Copperwren Facilities,62100,10000.00,10000.02,10000.02,20000.00,10000.02,0.00
V1004,Meadowlark Staffing,60100,17000.00,41000.00,38000.00,17000.00,41000.00,0.00
V1005,Tallreed Cloud Hosting,61100,1000.00,0.00,0.00,1000.00,0.00,0.00
V1005,Tallreed Cloud Hosting,61200,7000.00,12000.00,11500.00,7000.00,12000.00,0.00
V1006,Ironfern Security Services,62100,5381.52,7671.73,7536.59,5652.67,7671.73,0.00
V1007,Quillfeather Translation,60100,900.00,6600.00,6000.00,0.00,6600.00,0.00
V1008,Saltmarsh Logistics,60100,3245.14,6240.15,6018.63,3001.30,6240.15,0.00
V1009,Brambleway Office Supply,65200,869.31,1728.13,1589.10,944.68,1728.13,0.00
V1010,Lanternfish Data Labs,61100,20000.00,40000.00,35000.00,20000.00,40000.00,0.00
V1011,Junebrook Utilities,62200,3000.00,3000.00,3000.00,3000.00,3000.00,0.00
V1012,Foxglove Marketing Studio,64100,30000.00,0.00,0.00,5000.00,0.00,0.00
V1013,Pebblecreek Janitorial,62100,3800.00,3800.00,3800.00,0.00,3800.00,0.00
V1014,Cinderwick Telecom,61300,0.00,2000.00,0.00,450.00,2000.00,0.00
V1015,Mossgate Software Licensing,61100,5000.00,0.00,0.00,0.00,0.00,0.00
V1015,Mossgate Software Licensing,65300,0.00,2000.00,1000.00,0.00,2000.00,0.00
V1016,Driftwood Travel Desk,65100,2000.00,0.00,0.00,0.00,0.00,0.00
V1017,Thistlewick Benefits Admin,63300,2787.63,4079.41,4108.70,2680.08,4079.41,0.00
V1018,Larkspur Recruiting,63200,6000.00,6000.00,6000.00,6000.00,6000.00,0.00
V1019,Cobaltbay Printing,64300,2500.00,2500.00,2500.00,0.00,2500.00,0.00
V1020,Wrenfield Payroll Services,63300,4342.35,8172.94,7906.95,4042.87,8172.94,0.00
V1021,Orchard Lane Catering,64200,2100.00,3200.00,2800.00,2100.00,3200.00,0.00
V1022,Starfinch Analytics,64100,4000.00,8000.00,7500.00,4000.00,8000.00,0.00
V1023,Hollowpine Equipment Rental,62100,3500.00,5500.00,5250.00,3500.00,5500.00,0.00
V1024,Kettlebrook Engineering,60100,7691.29,12979.82,12371.11,7578.83,12979.82,0.00
V1024,Kettlebrook Engineering,60200,2619.17,5208.21,4960.72,2495.13,5208.21,0.00
V1025,Silverfen Training Co,65300,2000.00,0.00,0.00,4000.00,0.00,0.00
V1026,Amberfield Research Panel,60100,0.00,10000.00,7500.00,5000.00,10000.00,0.00
V1027,Granite Hollow Property Mgmt,62300,10000.00,17000.00,17000.00,10000.00,17000.00,0.00
V1028,Ravenquill Courier,65200,1500.00,0.00,0.00,1900.00,0.00,0.00
V1029,Bellwort Wellness Programs,63300,2000.00,0.00,0.00,2000.00,0.00,0.00
V1030,Fernmoss Event Services,64200,0.00,15000.00,12000.00,0.00,15000.00,0.00
V1031,Marigold Lane Design,64100,0.00,3500.00,3500.00,2000.00,3500.00,0.00
V1032,Oakmere Audit Advisory,60100,30000.00,14000.00,39000.00,0.00,14000.00,0.00
V1033,Sunpeg Parking Services,62300,1000.00,1000.00,0.00,0.00,1000.00,0.00
V1034,Tidepool Recycling,62100,1267.83,1360.93,1320.42,1216.91,1360.93,0.00
V1035,Willowmere Coffee Service,65200,1100.00,0.00,0.00,0.00,0.00,0.00
V1037,Mistberry Survey Tools,64100,500.00,0.00,0.00,500.00,0.00,0.00
V1038,Hearthvault Records Storage,62100,0.00,6000.00,5250.00,0.00,6000.00,0.00
V1040,Pinwheel Shuttle Co,65100,0.00,1800.00,0.00,5400.00,1800.00,0.00
V1042,Gildenrow Software,61100,3573.69,5725.35,5524.04,3707.30,5725.35,0.00
V1043,Corvid Lane Data,61100,1987.19,4935.28,4405.81,2082.54,4935.28,0.00
V1044,Sablewing Couriers,65200,648.29,1274.63,1156.26,726.23,1274.63,0.00
V1045,Duskmeadow Print Lab,64300,1614.82,3110.38,2950.20,1716.41,3110.38,0.00
V1046,Hazelnook Staffing,60100,6483.91,9599.32,9416.57,6588.40,9599.32,0.00
V1047,Kestrelmoor Consulting,60200,9059.18,9763.93,9689.77,9369.82,9763.93,0.00
V2001,Ashgrove & Pell LLP,61500,9500.00,39000.00,35000.00,9500.00,39000.00,0.00
V2002,Brindle Hart Legal,61500,3875.00,22000.00,21000.00,3875.00,22000.00,0.00
V2003,Quarrington Vale LLP,61500,2250.00,0.00,0.00,2250.00,0.00,0.00
