je_id,acct,vendor_id,vendor,dept,amount
ACCR-202608,63100,V1002,Blue Harbor Insurance,D100,1266.67
ACCR-202608,62100,V1003,Copperwren Facilities,D700,10000.02
ACCR-202608,60100,V1004,Meadowlark Staffing,D500,41000.00
ACCR-202608,61200,V1005,Tallreed Cloud Hosting,D200,12000.00
ACCR-202608,62100,V1006,Ironfern Security Services,D700,7671.73
ACCR-202608,60100,V1007,Quillfeather Translation,D400,6600.00
ACCR-202608,60100,V1008,Saltmarsh Logistics,D500,6240.15
ACCR-202608,65200,V1009,Brambleway Office Supply,D500,1728.13
ACCR-202608,61100,V1010,Lanternfish Data Labs,D200,40000.00
ACCR-202608,62200,V1011,Junebrook Utilities,D700,3000.00
ACCR-202608,62100,V1013,Pebblecreek Janitorial,D700,3800.00
ACCR-202608,61300,V1014,Cinderwick Telecom,D200,2000.00
ACCR-202608,65300,V1015,Mossgate Software Licensing,D200,2000.00
ACCR-202608,63300,V1017,Thistlewick Benefits Admin,D600,4079.41
ACCR-202608,63200,V1018,Larkspur Recruiting,D600,6000.00
ACCR-202608,64300,V1019,Cobaltbay Printing,D400,2500.00
ACCR-202608,63300,V1020,Wrenfield Payroll Services,D600,8172.94
ACCR-202608,64200,V1021,Orchard Lane Catering,D600,3200.00
ACCR-202608,64100,V1022,Starfinch Analytics,D400,8000.00
ACCR-202608,62100,V1023,Hollowpine Equipment Rental,D700,5500.00
ACCR-202608,60100,V1024,Kettlebrook Engineering,D200,12979.82
ACCR-202608,60200,V1024,Kettlebrook Engineering,D200,5208.21
ACCR-202608,60100,V1026,Amberfield Research Panel,D100,10000.00
ACCR-202608,62300,V1027,Granite Hollow Property Mgmt,D700,17000.00
ACCR-202608,64200,V1030,Fernmoss Event Services,D400,15000.00
ACCR-202608,64100,V1031,Marigold Lane Design,D400,3500.00
ACCR-202608,60100,V1032,Oakmere Audit Advisory,D100,14000.00
ACCR-202608,62300,V1033,Sunpeg Parking Services,D700,1000.00
ACCR-202608,62100,V1034,Tidepool Recycling,D700,1360.93
ACCR-202608,62100,V1038,Hearthvault Records Storage,D100,6000.00
ACCR-202608,65100,V1040,Pinwheel Shuttle Co,D100,1800.00
ACCR-202608,61100,V1042,Gildenrow Software,D200,5725.35
ACCR-202608,61100,V1043,Corvid Lane Data,D200,4935.28
ACCR-202608,65200,V1044,Sablewing Couriers,D500,1274.63
ACCR-202608,64300,V1045,Duskmeadow Print Lab,D400,3110.38
ACCR-202608,60100,V1046,Hazelnook Staffing,D500,9599.32
ACCR-202608,60200,V1047,Kestrelmoor Consulting,D100,9763.93
ACCR-202608,61500,V2001,Ashgrove & Pell LLP,D100,39000.00
ACCR-202608,61500,V2002,Brindle Hart Legal,D100,22000.00
ACCR-202608,16005,V3001,Quarrystep Builders,D700,24000.00
ACCR-202608,16005,V3002,Lumenvale Electrical,D700,21000.00
ACCR-202608,16005,V3003,Oakthread Millwork,D700,4000.00
